{
	"pattrstorage" : 	{
		"name" : "bread",
		"slots" : 		{
			"1" : 			{
				"id" : 1,
				"data" : 				{
					"myrotate" : [ 0.0, 0.0, 0.0, 1.0 ],
					"myposition" : [ 0.0, 0.0, 0.0 ]
				}

			}
,
			"2" : 			{
				"id" : 2,
				"data" : 				{
					"myrotate" : [ 0.0, 0.0, 0.0, 1.0 ],
					"myposition" : [ 0.0, 0.0, -14.339602 ]
				}

			}
,
			"3" : 			{
				"id" : 3,
				"data" : 				{
					"myrotate" : [ 81.302818, 0.406016, -0.776622, -0.481673 ],
					"myposition" : [ 0.0, 0.0, -11.061763 ]
				}

			}
,
			"4" : 			{
				"id" : 4,
				"data" : 				{
					"myrotate" : [ 81.302818, 0.406016, -0.776622, -0.481673 ],
					"myposition" : [ -2.025952, -1.10059, -3.642807 ]
				}

			}
,
			"5" : 			{
				"id" : 5,
				"data" : 				{
					"myrotate" : [ 37.88443, -0.713308, -0.293168, -0.636588 ],
					"myposition" : [ 2.233178, -0.087748, -3.642807 ]
				}

			}
,
			"6" : 			{
				"id" : 6,
				"data" : 				{
					"myrotate" : [ 103.427353, -0.122488, -0.893014, -0.43304 ],
					"myposition" : [ 0.200534, 0.175093, 1.572455 ]
				}

			}
,
			"7" : 			{
				"id" : 7,
				"data" : 				{
					"myrotate" : [ 60.141685, 0.333667, 0.141415, -0.932024 ],
					"myposition" : [ 0.200534, 0.175093, 1.576844 ]
				}

			}
,
			"8" : 			{
				"id" : 8,
				"data" : 				{
					"myrotate" : [ 138.383667, 0.841289, -0.223082, -0.49241 ],
					"myposition" : [ 0.200534, 0.175093, -44.553036 ]
				}

			}
,
			"9" : 			{
				"id" : 9,
				"data" : 				{
					"myrotate" : [ 162.87442, 0.953892, -0.260335, 0.149385 ],
					"myposition" : [ 3.381501, -4.314786, -11.227901 ]
				}

			}
,
			"10" : 			{
				"id" : 10,
				"data" : 				{
					"myrotate" : [ 130.555954, 0.368583, -0.145717, 0.918103 ],
					"myposition" : [ -0.546824, 0.307589, -0.490588 ]
				}

			}

		}

	}

}
